{"nm":"Founder Explorer_ilustration","mn":"","layers":[{"ty":4,"nm":"Green Circle contornos 2","mn":"","sr":1,"st":0,"op":1920,"ip":0,"hd":false,"cl":"","ln":"","ddd":0,"bm":0,"hasMask":false,"ao":0,"ks":{"a":{"a":0,"k":[32,32,0],"ix":1},"s":{"a":0,"k":[100,100,100],"ix":6},"sk":{"a":0,"k":0},"p":{"a":1,"k":[{"o":{"x":0.333,"y":0},"i":{"x":0.667,"y":1},"s":[33.5,33,0],"t":0,"ti":[-1.167,-0.417,0],"to":[-0.458,-1.708,0]},{"o":{"x":0.333,"y":0},"i":{"x":0.667,"y":1},"s":[30.75,22.75,0],"t":64.209,"ti":[-0.167,-0.75,0],"to":[1.167,0.417,0]},{"o":{"x":0.167,"y":0.167},"i":{"x":0.667,"y":1},"s":[40.5,35.5,0],"t":123.696,"ti":[1.167,0.417,0],"to":[0.167,0.75,0]},{"o":{"x":0.333,"y":0},"i":{"x":0.833,"y":0.833},"s":[31.75,27.250000000000004,0],"t":193.06,"ti":[-0.292,-0.958,0],"to":[-1.167,-0.417,0]},{"o":{"x":0.167,"y":0.167},"i":{"x":0.833,"y":0.833},"s":[33.5,33,0],"t":245}],"ix":2},"r":{"a":0,"k":0,"ix":10},"sa":{"a":0,"k":0},"o":{"a":0,"k":100,"ix":11}},"ef":[],"shapes":[{"ty":"gr","bm":0,"cl":"","ln":"","hd":false,"mn":"ADBE Vector Group","nm":"Grupo 1","ix":1,"cix":2,"np":2,"it":[{"ty":"sh","bm":0,"cl":"","ln":"","hd":false,"mn":"ADBE Vector Shape - Group","nm":"Trazado 1","ix":1,"d":1,"ks":{"a":0,"k":{"c":true,"i":[[-6.627,0],[0,6.627],[6.627,0],[0,-6.627]],"o":[[6.627,0],[0,-6.627],[-6.627,0],[0,6.627]],"v":[[0,12],[12,0],[0,-12],[-12,0]]},"ix":2}},{"ty":"st","bm":0,"cl":"","ln":"","hd":false,"mn":"ADBE Vector Graphic - Stroke","nm":"Trazo 1","lc":1,"lj":1,"ml":10,"o":{"a":0,"k":100,"ix":4},"w":{"a":0,"k":4,"ix":5},"d":[],"c":{"a":0,"k":[0.2471,0.2941,0.6196],"ix":3}},{"ty":"tr","a":{"a":0,"k":[0,0],"ix":1},"s":{"a":0,"k":[100,100],"ix":3},"sk":{"a":0,"k":0,"ix":4},"p":{"a":0,"k":[32,32],"ix":2},"r":{"a":0,"k":0,"ix":6},"sa":{"a":0,"k":0,"ix":5},"o":{"a":0,"k":100,"ix":7}}]}],"ind":1},{"ty":4,"nm":"Green Circle contornos","mn":"","sr":1,"st":0,"op":1920,"ip":0,"hd":false,"cl":"","ln":"","ddd":0,"bm":0,"hasMask":false,"ao":0,"ks":{"a":{"a":0,"k":[26,26,0],"ix":1},"s":{"a":0,"k":[100,100,100],"ix":6},"sk":{"a":0,"k":0},"p":{"a":1,"k":[{"o":{"x":0.333,"y":0},"i":{"x":0.667,"y":1},"s":[60.5,172,0],"t":0,"ti":[0.5,1,0],"to":[-0.458,-1.667,0]},{"o":{"x":0.333,"y":0},"i":{"x":0.667,"y":1},"s":[57.75,162,0],"t":72.029,"ti":[0,0,0],"to":[-0.5,-1,0]},{"o":{"x":0.167,"y":0.167},"i":{"x":0.667,"y":1},"s":[64.25,169.75,0],"t":138.18,"ti":[0.5,1,0],"to":[0,0,0]},{"o":{"x":0.333,"y":0},"i":{"x":0.833,"y":0.833},"s":[57.49999999999999,166,0],"t":202.369,"ti":[-0.5,-1,0],"to":[-0.5,-1,0]},{"o":{"x":0.167,"y":0.167},"i":{"x":0.833,"y":0.833},"s":[60.5,172,0],"t":245}],"ix":2},"r":{"a":0,"k":0,"ix":10},"sa":{"a":0,"k":0},"o":{"a":0,"k":100,"ix":11}},"ef":[],"shapes":[{"ty":"gr","bm":0,"cl":"","ln":"","hd":false,"mn":"ADBE Vector Group","nm":"Grupo 1","ix":1,"cix":2,"np":2,"it":[{"ty":"sh","bm":0,"cl":"","ln":"","hd":false,"mn":"ADBE Vector Shape - Group","nm":"Trazado 1","ix":1,"d":1,"ks":{"a":0,"k":{"c":true,"i":[[-3.313,0],[0,3.313],[3.313,0],[0,-3.313]],"o":[[3.313,0],[0,-3.313],[-3.313,0],[0,3.313]],"v":[[0,6],[6,0],[0,-6],[-6,0]]},"ix":2}},{"ty":"st","bm":0,"cl":"","ln":"","hd":false,"mn":"ADBE Vector Graphic - Stroke","nm":"Trazo 1","lc":1,"lj":1,"ml":10,"o":{"a":0,"k":100,"ix":4},"w":{"a":0,"k":4,"ix":5},"d":[],"c":{"a":0,"k":[0.2471,0.2941,0.6196],"ix":3}},{"ty":"tr","a":{"a":0,"k":[0,0],"ix":1},"s":{"a":0,"k":[100,100],"ix":3},"sk":{"a":0,"k":0,"ix":4},"p":{"a":0,"k":[26,26],"ix":2},"r":{"a":0,"k":0,"ix":6},"sa":{"a":0,"k":0,"ix":5},"o":{"a":0,"k":100,"ix":7}}]}],"ind":2},{"ty":4,"nm":"Blue Circle contornos 4","mn":"","sr":1,"st":0,"op":1920,"ip":0,"hd":false,"cl":"","ln":"","ddd":0,"bm":0,"hasMask":false,"ao":0,"ks":{"a":{"a":0,"k":[10,10,0],"ix":1},"s":{"a":0,"k":[100,100,100],"ix":6},"sk":{"a":0,"k":0},"p":{"a":1,"k":[{"o":{"x":0.333,"y":0},"i":{"x":0.667,"y":1},"s":[174.5,137,0],"t":0,"ti":[0.583,-0.042,0],"to":[0.875,-0.958,0]},{"o":{"x":0.333,"y":0},"i":{"x":0.667,"y":1},"s":[179.75,131.25,0],"t":64.388,"ti":[0.458,-0.25,0],"to":[-0.583,0.042,0]},{"o":{"x":0.167,"y":0.167},"i":{"x":0.667,"y":1},"s":[171,137.25,0],"t":120.863,"ti":[-0.583,0.042,0],"to":[-0.458,0.25,0]},{"o":{"x":0.333,"y":0},"i":{"x":0.833,"y":0.833},"s":[177,132.75,0],"t":181.79,"ti":[0.417,-0.708,0],"to":[0.583,-0.042,0]},{"o":{"x":0.167,"y":0.167},"i":{"x":0.833,"y":0.833},"s":[174.5,137,0],"t":245}],"ix":2},"r":{"a":0,"k":0,"ix":10},"sa":{"a":0,"k":0},"o":{"a":0,"k":25,"ix":11}},"ef":[],"shapes":[{"ty":"gr","bm":0,"cl":"","ln":"","hd":false,"mn":"ADBE Vector Group","nm":"Grupo 1","ix":1,"cix":2,"np":2,"it":[{"ty":"sh","bm":0,"cl":"","ln":"","hd":false,"mn":"ADBE Vector Shape - Group","nm":"Trazado 1","ix":1,"d":1,"ks":{"a":0,"k":{"c":true,"i":[[-3.313,0],[0,3.313],[3.313,0],[0,-3.313]],"o":[[3.313,0],[0,-3.313],[-3.313,0],[0,3.313]],"v":[[0,6],[6,0],[0,-6],[-6,0]]},"ix":2}},{"ty":"st","bm":0,"cl":"","ln":"","hd":false,"mn":"ADBE Vector Graphic - Stroke","nm":"Trazo 1","lc":1,"lj":1,"ml":10,"o":{"a":0,"k":100,"ix":4},"w":{"a":0,"k":4,"ix":5},"d":[],"c":{"a":0,"k":[0.2471,0.2941,0.6196],"ix":3}},{"ty":"tr","a":{"a":0,"k":[0,0],"ix":1},"s":{"a":0,"k":[100,100],"ix":3},"sk":{"a":0,"k":0,"ix":4},"p":{"a":0,"k":[10,10],"ix":2},"r":{"a":0,"k":0,"ix":6},"sa":{"a":0,"k":0,"ix":5},"o":{"a":0,"k":100,"ix":7}}]}],"ind":3},{"ty":4,"nm":"Blue Circle contornos 3","mn":"","sr":1,"st":0,"op":1920,"ip":0,"hd":false,"cl":"","ln":"","ddd":0,"bm":0,"hasMask":false,"ao":0,"ks":{"a":{"a":0,"k":[16,16,0],"ix":1},"s":{"a":0,"k":[100,100,100],"ix":6},"sk":{"a":0,"k":0},"p":{"a":1,"k":[{"o":{"x":0.333,"y":0},"i":{"x":0.667,"y":1},"s":[154.5,165,0],"t":0,"ti":[0.833,-0.833,0],"to":[1.542,1,0]},{"o":{"x":0.333,"y":0},"i":{"x":0.667,"y":1},"s":[163.75,171,0],"t":53.9,"ti":[0.833,0.625,0],"to":[-0.833,0.833,0]},{"o":{"x":0.167,"y":0.167},"i":{"x":0.667,"y":1},"s":[149.5,170,0],"t":122.01,"ti":[-0.833,0.833,0],"to":[-0.833,-0.625,0]},{"o":{"x":0.333,"y":0},"i":{"x":0.833,"y":0.833},"s":[158.75,167.25,0],"t":184.729,"ti":[0.708,0.375,0],"to":[0.833,-0.833,0]},{"o":{"x":0.167,"y":0.167},"i":{"x":0.833,"y":0.833},"s":[154.5,165,0],"t":245}],"ix":2},"r":{"a":0,"k":0,"ix":10},"sa":{"a":0,"k":0},"o":{"a":0,"k":25,"ix":11}},"ef":[],"shapes":[{"ty":"gr","bm":0,"cl":"","ln":"","hd":false,"mn":"ADBE Vector Group","nm":"Grupo 1","ix":1,"cix":2,"np":2,"it":[{"ty":"sh","bm":0,"cl":"","ln":"","hd":false,"mn":"ADBE Vector Shape - Group","nm":"Trazado 1","ix":1,"d":1,"ks":{"a":0,"k":{"c":true,"i":[[-6.627,0],[0,6.627],[6.627,0],[0,-6.627]],"o":[[6.627,0],[0,-6.627],[-6.627,0],[0,6.627]],"v":[[0,12],[12,0],[0,-12],[-12,0]]},"ix":2}},{"ty":"st","bm":0,"cl":"","ln":"","hd":false,"mn":"ADBE Vector Graphic - Stroke","nm":"Trazo 1","lc":1,"lj":1,"ml":10,"o":{"a":0,"k":100,"ix":4},"w":{"a":0,"k":4,"ix":5},"d":[],"c":{"a":0,"k":[0.2471,0.2941,0.6196],"ix":3}},{"ty":"tr","a":{"a":0,"k":[0,0],"ix":1},"s":{"a":0,"k":[100,100],"ix":3},"sk":{"a":0,"k":0,"ix":4},"p":{"a":0,"k":[16,16],"ix":2},"r":{"a":0,"k":0,"ix":6},"sa":{"a":0,"k":0,"ix":5},"o":{"a":0,"k":100,"ix":7}}]}],"ind":4},{"ty":4,"nm":"Blue Circle contornos 2","mn":"","sr":1,"st":0,"op":1920,"ip":0,"hd":false,"cl":"","ln":"","ddd":0,"bm":0,"hasMask":false,"ao":0,"ks":{"a":{"a":0,"k":[12,12,0],"ix":1},"s":{"a":0,"k":[100,100,100],"ix":6},"sk":{"a":0,"k":0},"p":{"a":1,"k":[{"o":{"x":0.333,"y":0},"i":{"x":0.667,"y":1},"s":[18,115.5,0],"t":0,"ti":[1.875,-0.25,0],"to":[-0.25,-1.083,0]},{"o":{"x":0.333,"y":0},"i":{"x":0.667,"y":1},"s":[16.5,109.00000000000001,0],"t":67.256,"ti":[0.125,-0.75,0],"to":[-1.875,0.25,0]},{"o":{"x":0.167,"y":0.167},"i":{"x":0.667,"y":1},"s":[6.75,117,0],"t":129.567,"ti":[-1.875,0.25,0],"to":[-0.125,0.75,0]},{"o":{"x":0.333,"y":0},"i":{"x":0.833,"y":0.833},"s":[15.75,113.5,0],"t":191.1,"ti":[-0.375,-0.333,0],"to":[1.875,-0.25,0]},{"o":{"x":0.167,"y":0.167},"i":{"x":0.833,"y":0.833},"s":[18,115.5,0],"t":245}],"ix":2},"r":{"a":0,"k":0,"ix":10},"sa":{"a":0,"k":0},"o":{"a":0,"k":25,"ix":11}},"ef":[],"shapes":[{"ty":"gr","bm":0,"cl":"","ln":"","hd":false,"mn":"ADBE Vector Group","nm":"Grupo 1","ix":1,"cix":2,"np":2,"it":[{"ty":"sh","bm":0,"cl":"","ln":"","hd":false,"mn":"ADBE Vector Shape - Group","nm":"Trazado 1","ix":1,"d":1,"ks":{"a":0,"k":{"c":true,"i":[[-4.418,0],[0,4.418],[4.418,0],[0,-4.418]],"o":[[4.418,0],[0,-4.418],[-4.418,0],[0,4.418]],"v":[[0,8],[8,0],[0,-8],[-8,0]]},"ix":2}},{"ty":"st","bm":0,"cl":"","ln":"","hd":false,"mn":"ADBE Vector Graphic - Stroke","nm":"Trazo 1","lc":1,"lj":1,"ml":10,"o":{"a":0,"k":100,"ix":4},"w":{"a":0,"k":4,"ix":5},"d":[],"c":{"a":0,"k":[0.2471,0.2941,0.6196],"ix":3}},{"ty":"tr","a":{"a":0,"k":[0,0],"ix":1},"s":{"a":0,"k":[100,100],"ix":3},"sk":{"a":0,"k":0,"ix":4},"p":{"a":0,"k":[12,12],"ix":2},"r":{"a":0,"k":0,"ix":6},"sa":{"a":0,"k":0,"ix":5},"o":{"a":0,"k":100,"ix":7}}]}],"ind":5},{"ty":4,"nm":"Blue Circle contornos","mn":"","sr":1,"st":0,"op":1920,"ip":0,"hd":false,"cl":"","ln":"","ddd":0,"bm":0,"hasMask":false,"ao":0,"ks":{"a":{"a":0,"k":[12,12,0],"ix":1},"s":{"a":0,"k":[100,100,100],"ix":6},"sk":{"a":0,"k":0},"p":{"a":1,"k":[{"o":{"x":0.333,"y":0},"i":{"x":0.667,"y":1},"s":[163.5,34,0],"t":0,"ti":[-0.5,-0.625,0],"to":[-1.25,-0.208,0]},{"o":{"x":0.333,"y":0},"i":{"x":0.667,"y":1},"s":[156,32.75,0],"t":58.723,"ti":[-0.458,0,0],"to":[0.5,0.625,0]},{"o":{"x":0.167,"y":0.167},"i":{"x":0.667,"y":1},"s":[166.5,37.75,0],"t":119.561,"ti":[0.5,0.625,0],"to":[0.458,0,0]},{"o":{"x":0.333,"y":0},"i":{"x":0.833,"y":0.833},"s":[158.75,32.75,0],"t":174.93,"ti":[-0.792,-0.208,0],"to":[-0.5,-0.625,0]},{"o":{"x":0.167,"y":0.167},"i":{"x":0.833,"y":0.833},"s":[163.5,34,0],"t":245}],"ix":2},"r":{"a":0,"k":0,"ix":10},"sa":{"a":0,"k":0},"o":{"a":0,"k":25,"ix":11}},"ef":[],"shapes":[{"ty":"gr","bm":0,"cl":"","ln":"","hd":false,"mn":"ADBE Vector Group","nm":"Grupo 1","ix":1,"cix":2,"np":2,"it":[{"ty":"sh","bm":0,"cl":"","ln":"","hd":false,"mn":"ADBE Vector Shape - Group","nm":"Trazado 1","ix":1,"d":1,"ks":{"a":0,"k":{"c":true,"i":[[-4.418,0],[0,4.418],[4.418,0],[0,-4.418]],"o":[[4.418,0],[0,-4.418],[-4.418,0],[0,4.418]],"v":[[0,8],[8,0],[0,-8],[-8,0]]},"ix":2}},{"ty":"st","bm":0,"cl":"","ln":"","hd":false,"mn":"ADBE Vector Graphic - Stroke","nm":"Trazo 1","lc":1,"lj":1,"ml":10,"o":{"a":0,"k":100,"ix":4},"w":{"a":0,"k":4,"ix":5},"d":[],"c":{"a":0,"k":[0.2471,0.2941,0.6196],"ix":3}},{"ty":"tr","a":{"a":0,"k":[0,0],"ix":1},"s":{"a":0,"k":[100,100],"ix":3},"sk":{"a":0,"k":0,"ix":4},"p":{"a":0,"k":[12,12],"ix":2},"r":{"a":0,"k":0,"ix":6},"sa":{"a":0,"k":0,"ix":5},"o":{"a":0,"k":100,"ix":7}}]}],"ind":6},{"ty":4,"nm":"Blob 01 contornos 2","mn":"","sr":1,"st":0,"op":1920,"ip":0,"hd":false,"cl":"","ln":"","ddd":0,"bm":0,"hasMask":false,"ao":0,"ks":{"a":{"a":0,"k":[95.931,81.853,0],"ix":1},"s":{"a":0,"k":[100,100,100],"ix":6},"sk":{"a":0,"k":0},"p":{"a":0,"k":[98.931,109.353,0],"ix":2},"r":{"a":0,"k":10,"ix":10},"sa":{"a":0,"k":0},"o":{"a":0,"k":25,"ix":11}},"ef":[],"shapes":[{"ty":"gr","bm":0,"cl":"","ln":"","hd":false,"mn":"ADBE Vector Group","nm":"Grupo 1","ix":1,"cix":2,"np":3,"it":[{"ty":"sh","bm":0,"cl":"","ln":"","hd":false,"mn":"ADBE Vector Shape - Group","nm":"Trazado 2","ix":1,"d":1,"ks":{"a":1,"k":[{"o":{"x":0.333,"y":0},"i":{"x":0.667,"y":1},"s":[{"c":true,"i":[[13.798,-26.774],[-16.465,-19.631],[-30.888,-1.709],[-15.714,19.216],[16.923,28.802],[32.18,0.417],[0.382,0]],"o":[[-13.964,27.093],[16.507,19.674],[30.844,1.709],[15.715,-19.173],[-16.881,-28.761],[-0.38,-0.005],[-31.813,0.001]],"v":[[-83.896,-21.849],[-76.31,60.055],[-1.031,85.607],[79.331,67.308],[75.705,-18.348],[-4.784,-67.492],[-5.924,-67.5]]}],"t":0},{"o":{"x":0.333,"y":0},"i":{"x":0.667,"y":1},"s":[{"c":true,"i":[[13.798,-26.774],[-16.465,-19.631],[-30.888,-1.709],[-15.714,19.216],[16.923,28.802],[32.18,0.417],[0.382,0]],"o":[[-13.964,27.093],[16.507,19.674],[30.844,1.709],[15.715,-19.173],[-16.881,-28.761],[-0.38,-0.005],[-31.813,0.001]],"v":[[-79.646,-20.849],[-76.31,60.055],[-1.531,79.857],[73.331,57.558],[75.705,-18.348],[-4.784,-73.742],[-5.924,-73.75]]}],"t":58},{"o":{"x":0.333,"y":0},"i":{"x":0.667,"y":1},"s":[{"c":true,"i":[[13.798,-26.774],[-16.465,-19.631],[-30.888,-1.709],[-15.714,19.216],[16.923,28.802],[32.18,0.417],[0.382,0]],"o":[[-13.964,27.093],[16.507,19.674],[30.844,1.709],[15.715,-19.173],[-16.881,-28.761],[-0.38,-0.005],[-31.813,0.001]],"v":[[-78.507,-25.669],[-76.31,60.055],[-2.121,85.948],[75.252,60.68],[78.205,-23.848],[2.716,-73.241],[1.576,-73.249]]}],"t":116},{"o":{"x":0.333,"y":0},"i":{"x":0.667,"y":1},"s":[{"c":true,"i":[[13.798,-26.774],[-14.863,-20.87],[-30.888,-1.709],[-15.714,19.216],[16.923,28.802],[32.18,0.417],[0.382,0]],"o":[[-13.964,27.093],[14.56,20.445],[30.844,1.709],[15.715,-19.173],[-16.881,-28.761],[-0.38,-0.005],[-31.813,0.001]],"v":[[-79.909,-23.217],[-75.06,59.555],[-1.885,88.546],[76.07,61.884],[74.841,-21.147],[-1.376,-73.429],[-2.516,-73.437]]}],"t":178},{"o":{"x":0.167,"y":0.167},"i":{"x":0.833,"y":0.833},"s":[{"c":true,"i":[[13.798,-26.774],[-16.465,-19.631],[-30.888,-1.709],[-15.714,19.216],[16.923,28.802],[32.18,0.417],[0.382,0]],"o":[[-13.964,27.093],[16.507,19.674],[30.844,1.709],[15.715,-19.173],[-16.881,-28.761],[-0.38,-0.005],[-31.813,0.001]],"v":[[-83.896,-21.849],[-76.31,60.055],[-1.031,85.607],[79.331,67.308],[75.705,-18.348],[-4.784,-67.492],[-5.924,-67.5]]}],"t":245}],"ix":2}},{"ty":"mm","bm":0,"cl":"","ln":"","hd":false,"mn":"ADBE Vector Filter - Merge","nm":"Combinar trazados 1","mm":1},{"ty":"fl","bm":0,"cl":"","ln":"","hd":false,"mn":"ADBE Vector Graphic - Fill","nm":"Relleno 1","c":{"a":0,"k":[0.1647,0.6902,0.9255],"ix":4},"r":1,"o":{"a":0,"k":100,"ix":5}},{"ty":"tr","a":{"a":0,"k":[0,0],"ix":1},"s":{"a":0,"k":[100,100],"ix":3},"sk":{"a":0,"k":0,"ix":4},"p":{"a":0,"k":[97,72.5],"ix":2},"r":{"a":0,"k":0,"ix":6},"sa":{"a":0,"k":0,"ix":5},"o":{"a":0,"k":100,"ix":7}}]}],"ind":7},{"ty":4,"nm":"Blob 02 contornos","mn":"","sr":1,"st":0,"op":1920,"ip":0,"hd":false,"cl":"","ln":"","ddd":0,"bm":0,"hasMask":false,"ao":0,"ks":{"a":{"a":0,"k":[81.242,76.896,0],"ix":1},"s":{"a":0,"k":[100,100,100],"ix":6},"sk":{"a":0,"k":0},"p":{"a":0,"k":[97.742,98.395,0],"ix":2},"r":{"a":0,"k":30,"ix":10},"sa":{"a":0,"k":0},"o":{"a":0,"k":25,"ix":11}},"ef":[],"shapes":[{"ty":"gr","bm":0,"cl":"","ln":"","hd":false,"mn":"ADBE Vector Group","nm":"Grupo 1","ix":1,"cix":2,"np":3,"it":[{"ty":"sh","bm":0,"cl":"","ln":"","hd":false,"mn":"ADBE Vector Shape - Group","nm":"Trazado 2","ix":1,"d":1,"ks":{"a":1,"k":[{"o":{"x":0.333,"y":0},"i":{"x":0.667,"y":1},"s":[{"c":true,"i":[[0.148,0],[10.55,-17.651],[-14.405,-25.123],[-23.636,-1.454],[-14.506,25.191],[13.053,19.106],[28.731,0]],"o":[[-28.911,0.068],[-10.55,17.65],[14.405,25.091],[23.636,1.454],[14.506,-25.158],[-13.018,-19.007],[-0.148,0]],"v":[[12.135,-83.5],[-56.102,-59.322],[-44.538,12.228],[14.569,60.211],[78.85,18.011],[83.11,-58.072],[12.58,-83.501]]}],"t":12},{"o":{"x":0.333,"y":0},"i":{"x":0.667,"y":1},"s":[{"c":true,"i":[[0.148,0],[10.55,-17.651],[-14.405,-25.123],[-23.636,-1.454],[-14.506,25.191],[13.053,19.106],[28.731,0]],"o":[[-28.911,0.068],[-10.55,17.65],[14.405,25.091],[23.636,1.454],[14.506,-25.158],[-13.018,-19.007],[-0.148,0]],"v":[[6.885,-86.25],[-60.602,-58.072],[-52.288,16.728],[21.319,61.461],[80.35,22.261],[78.11,-57.322],[7.33,-86.251]]}],"t":70},{"o":{"x":0.333,"y":0},"i":{"x":0.667,"y":1},"s":[{"c":true,"i":[[0.148,0],[10.55,-17.651],[-14.405,-25.123],[-23.636,-1.454],[-14.506,25.191],[13.053,19.106],[28.731,0]],"o":[[-28.911,0.068],[-10.55,17.65],[14.405,25.091],[23.636,1.454],[14.506,-25.158],[-13.018,-19.007],[-0.148,0]],"v":[[-0.615,-85.75],[-67.602,-56.072],[-61.288,21.228],[20.319,67.961],[80.85,34.261],[73.61,-56.322],[-0.17,-85.751]]}],"t":126},{"o":{"x":0.333,"y":0},"i":{"x":0.667,"y":1},"s":[{"c":true,"i":[[0.148,0],[10.55,-17.651],[-14.405,-25.123],[-23.636,-1.454],[-14.506,25.191],[13.053,19.106],[28.731,0]],"o":[[-28.911,0.068],[-10.55,17.65],[14.405,25.091],[23.636,1.454],[14.506,-25.158],[-13.018,-19.007],[-0.148,0]],"v":[[-2.453,-86.251],[-67.996,-56.515],[-57.35,20.732],[13.766,69.52],[80.962,34.045],[75.328,-55.599],[-2.008,-86.252]]}],"t":184},{"o":{"x":0.167,"y":0.167},"i":{"x":0.833,"y":0.833},"s":[{"c":true,"i":[[0.148,0],[10.55,-17.651],[-14.405,-25.123],[-23.636,-1.454],[-14.506,25.191],[13.053,19.106],[28.731,0]],"o":[[-28.911,0.068],[-10.55,17.65],[14.405,25.091],[23.636,1.454],[14.506,-25.158],[-13.018,-19.007],[-0.148,0]],"v":[[12.135,-83.5],[-56.102,-59.322],[-44.538,12.228],[14.569,60.211],[78.85,18.011],[83.11,-58.072],[12.58,-83.501]]}],"t":245}],"ix":2}},{"ty":"mm","bm":0,"cl":"","ln":"","hd":false,"mn":"ADBE Vector Filter - Merge","nm":"Combinar trazados 1","mm":1},{"ty":"fl","bm":0,"cl":"","ln":"","hd":false,"mn":"ADBE Vector Graphic - Fill","nm":"Relleno 1","c":{"a":0,"k":[0.1647,0.6902,0.9255],"ix":4},"r":1,"o":{"a":0,"k":100,"ix":5}},{"ty":"tr","a":{"a":0,"k":[0,0],"ix":1},"s":{"a":0,"k":[100,100],"ix":3},"sk":{"a":0,"k":0,"ix":4},"p":{"a":0,"k":[66,88.501],"ix":2},"r":{"a":0,"k":0,"ix":6},"sa":{"a":0,"k":0,"ix":5},"o":{"a":0,"k":100,"ix":7}}]}],"ind":8},{"ty":4,"nm":"Blob 03 contornos","mn":"","sr":1,"st":0,"op":1920,"ip":0,"hd":false,"cl":"","ln":"","ddd":0,"bm":0,"hasMask":false,"ao":0,"ks":{"a":{"a":0,"k":[80.789,77,0],"ix":1},"s":{"a":0,"k":[100,100,100],"ix":6},"sk":{"a":0,"k":0},"p":{"a":0,"k":[102.789,107.5,0],"ix":2},"r":{"a":0,"k":20,"ix":10},"sa":{"a":0,"k":0},"o":{"a":0,"k":50,"ix":11}},"ef":[],"shapes":[{"ty":"gr","bm":0,"cl":"","ln":"","hd":false,"mn":"ADBE Vector Group","nm":"Grupo 1","ix":1,"cix":2,"np":3,"it":[{"ty":"sh","bm":0,"cl":"","ln":"","hd":false,"mn":"ADBE Vector Shape - Group","nm":"Trazado 2","ix":1,"d":1,"ks":{"a":1,"k":[{"o":{"x":0.333,"y":0},"i":{"x":0.667,"y":1},"s":[{"c":true,"i":[[0.045,0],[13.705,-21.092],[-13.695,-23.122],[-25.289,1.239],[-13.625,23.052],[11.595,19.887],[27.319,0.069]],"o":[[-27.275,0.001],[-13.695,21.091],[13.728,23.088],[25.289,-1.237],[13.59,-23.053],[-11.56,-19.854],[-0.045,0]],"v":[[5.573,-59.5],[-62.729,-27.879],[-62.729,47.989],[3.675,84.426],[65.71,43.104],[71.8,-28.911],[5.705,-59.5]]}],"t":21},{"o":{"x":0.333,"y":0},"i":{"x":0.667,"y":1},"s":[{"c":true,"i":[[0.045,0],[13.705,-21.092],[-13.695,-23.122],[-25.289,1.239],[-13.625,23.052],[11.595,19.887],[27.319,0.069]],"o":[[-27.275,0.001],[-13.695,21.091],[13.728,23.088],[25.289,-1.237],[13.59,-23.053],[-11.56,-19.854],[-0.045,0]],"v":[[3.073,-63],[-64.729,-29.379],[-58.729,46.489],[4.675,80.926],[71.21,46.104],[74.3,-31.411],[3.205,-63]]}],"t":77},{"o":{"x":0.333,"y":0},"i":{"x":0.667,"y":1},"s":[{"c":true,"i":[[0.045,0],[13.705,-21.092],[-13.695,-23.122],[-25.289,1.239],[-13.625,23.052],[11.595,19.887],[27.319,0.069]],"o":[[-27.275,0.001],[-13.695,21.091],[15.51,23.531],[25.289,-1.237],[13.59,-23.053],[-11.56,-19.854],[-0.045,0]],"v":[[1.873,-64.879],[-68.089,-29.399],[-64.51,50.469],[4.355,82.047],[66.449,43.643],[67,-29.611],[2.005,-64.879]]}],"t":134},{"o":{"x":0.333,"y":0},"i":{"x":0.667,"y":1},"s":[{"c":true,"i":[[0.045,0],[13.705,-21.092],[-13.695,-23.122],[-25.289,1.239],[-13.625,23.052],[11.595,19.887],[27.319,0.069]],"o":[[-27.275,0.001],[-13.695,21.091],[16.716,22.636],[25.289,-1.237],[13.59,-23.053],[-11.56,-19.854],[-0.045,0]],"v":[[-4.728,-65.732],[-68.45,-29.471],[-62.716,48.614],[10.302,81.107],[73.62,44.903],[69.139,-33.049],[-4.596,-65.732]]}],"t":197},{"o":{"x":0.167,"y":0.167},"i":{"x":0.833,"y":0.833},"s":[{"c":true,"i":[[0.045,0],[13.705,-21.092],[-13.695,-23.122],[-25.289,1.239],[-13.625,23.052],[11.595,19.887],[27.319,0.069]],"o":[[-27.275,0.001],[-13.695,21.091],[13.728,23.088],[25.289,-1.237],[13.59,-23.053],[-11.56,-19.854],[-0.045,0]],"v":[[5.573,-59.5],[-62.729,-27.879],[-62.729,47.989],[3.675,84.426],[65.71,43.104],[71.8,-28.911],[5.705,-59.5]]}],"t":245}],"ix":2}},{"ty":"mm","bm":0,"cl":"","ln":"","hd":false,"mn":"ADBE Vector Filter - Merge","nm":"Combinar trazados 1","mm":1},{"ty":"fl","bm":0,"cl":"","ln":"","hd":false,"mn":"ADBE Vector Graphic - Fill","nm":"Relleno 1","c":{"a":0,"k":[0.1647,0.6902,0.9255],"ix":4},"r":1,"o":{"a":0,"k":100,"ix":5}},{"ty":"tr","a":{"a":0,"k":[0,0],"ix":1},"s":{"a":0,"k":[100,100],"ix":3},"sk":{"a":0,"k":0,"ix":4},"p":{"a":0,"k":[78,64.5],"ix":2},"r":{"a":0,"k":0,"ix":6},"sa":{"a":0,"k":0,"ix":5},"o":{"a":0,"k":100,"ix":7}}]}],"ind":9}],"ddd":0,"h":200,"w":200,"meta":{"a":"","k":"","d":"","g":"@lottiefiles/toolkit-js 0.22.1","tc":"#000000"},"v":"5.6.3","fr":24,"op":240,"ip":0,"assets":[]}