{"v":"5.7.13","fr":15,"ip":0,"op":45,"w":400,"h":400,"nm":"BLUELOADINGFINAL","ddd":0,"assets":[],"layers":[{"ddd":0,"ind":1,"ty":4,"nm":"ball","sr":1,"ks":{"o":{"a":0,"k":100,"ix":11},"r":{"a":0,"k":0,"ix":10},"p":{"a":1,"k":[{"i":{"x":0.833,"y":0.833},"o":{"x":0.167,"y":0.167},"t":0,"s":[127,108.5,0],"to":[3.167,1.917,0],"ti":[-11.25,-7.833,0]},{"i":{"x":0.833,"y":0.833},"o":{"x":0.167,"y":0.167},"t":2,"s":[146,120,0],"to":[3.381,2.354,0],"ti":[-5.56,-4.061,0]},{"i":{"x":0.833,"y":0.833},"o":{"x":0.167,"y":0.167},"t":4,"s":[160.941,134.527,0],"to":[6.649,4.857,0],"ti":[-6.182,-3.605,0]},{"i":{"x":0.833,"y":0.833},"o":{"x":0.167,"y":0.167},"t":7,"s":[179.457,162.801,0],"to":[5.846,3.41,0],"ti":[-2.748,-2.011,0]},{"i":{"x":0.833,"y":0.833},"o":{"x":0.167,"y":0.167},"t":9,"s":[194.5,155.5,0],"to":[0.65,0.476,0],"ti":[-0.061,0.053,0]},{"i":{"x":0.833,"y":0.833},"o":{"x":0.167,"y":0.167},"t":20,"s":[259,124,0],"to":[0.583,-0.5,0],"ti":[0.167,0.75,0]},{"i":{"x":0.833,"y":0.833},"o":{"x":0.167,"y":0.167},"t":22,"s":[268,103,0],"to":[-0.167,-0.75,0],"ti":[0.583,0,0]},{"i":{"x":0.833,"y":0.833},"o":{"x":0.167,"y":0.167},"t":24,"s":[245.5,111.5,0],"to":[-0.583,0,0],"ti":[0,0,0]},{"i":{"x":0.833,"y":0.833},"o":{"x":0.167,"y":0.167},"t":32,"s":[193,176,0],"to":[0,0,0],"ti":[0,0,0]},{"i":{"x":0.833,"y":0.833},"o":{"x":0.167,"y":0.167},"t":34,"s":[187,165.5,0],"to":[0,0,0],"ti":[0,0,0]},{"i":{"x":0.833,"y":0.833},"o":{"x":0.167,"y":0.167},"t":36,"s":[173,158,0],"to":[0,0,0],"ti":[4.624,4.976,0]},{"t":45,"s":[127,108.5,0]}],"ix":2,"l":2},"a":{"a":0,"k":[-73,-91.5,0],"ix":1,"l":2},"s":{"a":1,"k":[{"i":{"x":[0.833,0.833,0.833],"y":[0.833,0.833,0.833]},"o":{"x":[0.167,0.167,0.167],"y":[0.167,0.167,0.167]},"t":2,"s":[100,100,100]},{"i":{"x":[0.833,0.833,0.833],"y":[0.833,0.833,0.833]},"o":{"x":[0.167,0.167,0.167],"y":[0.167,0.167,0.167]},"t":4,"s":[100,121,100]},{"i":{"x":[0.833,0.833,0.833],"y":[0.833,0.833,0.833]},"o":{"x":[0.167,0.167,0.167],"y":[0.167,0.167,0.167]},"t":7,"s":[118,90,100]},{"i":{"x":[0.833,0.833,0.833],"y":[0.833,0.833,0.833]},"o":{"x":[0.167,0.167,0.167],"y":[0.167,0.167,0.167]},"t":9,"s":[100,100,100]},{"i":{"x":[0.833,0.833,0.833],"y":[0.833,0.833,0.833]},"o":{"x":[0.167,0.167,0.167],"y":[0.167,0.167,0.167]},"t":13,"s":[100,100,100]},{"i":{"x":[0.833,0.833,0.833],"y":[0.833,0.833,0.833]},"o":{"x":[0.167,0.167,0.167],"y":[0.167,0.167,0.167]},"t":25,"s":[100,100,100]},{"i":{"x":[0.833,0.833,0.833],"y":[0.833,0.833,0.833]},"o":{"x":[0.167,0.167,0.167],"y":[0.167,0.167,0.167]},"t":30,"s":[100,121,100]},{"i":{"x":[0.833,0.833,0.833],"y":[0.833,0.833,0.833]},"o":{"x":[0.167,0.167,0.167],"y":[0.167,0.167,0.167]},"t":32,"s":[118,90,100]},{"t":34,"s":[100,100,100]}],"ix":6,"l":2}},"ao":0,"shapes":[{"ty":"gr","it":[{"d":1,"ty":"el","s":{"a":0,"k":[51.5,51.5],"ix":2},"p":{"a":0,"k":[0,0],"ix":3},"nm":"Ellipse Path 1","mn":"ADBE Vector Shape - Ellipse","hd":false},{"ty":"fl","c":{"a":0,"k":[0,0.803921568627,0.839215686275,1],"ix":4},"o":{"a":0,"k":100,"ix":5},"r":1,"bm":0,"nm":"Fill 1","mn":"ADBE Vector Graphic - Fill","hd":false},{"ty":"tr","p":{"a":0,"k":[-71.25,-93.25],"ix":2},"a":{"a":0,"k":[0,0],"ix":1},"s":{"a":0,"k":[100,100],"ix":3},"r":{"a":0,"k":0,"ix":6},"o":{"a":0,"k":100,"ix":7},"sk":{"a":0,"k":0,"ix":4},"sa":{"a":0,"k":0,"ix":5},"nm":"Transform"}],"nm":"Ellipse 1","np":3,"cix":2,"bm":0,"ix":1,"mn":"ADBE Vector Group","hd":false}],"ip":0,"op":45,"st":0,"bm":0},{"ddd":0,"ind":2,"ty":4,"nm":"wave1","sr":1,"ks":{"o":{"a":0,"k":100,"ix":11},"r":{"a":0,"k":0,"ix":10},"p":{"a":0,"k":[200,200,0],"ix":2,"l":2},"a":{"a":0,"k":[0,0,0],"ix":1,"l":2},"s":{"a":0,"k":[100,100,100],"ix":6,"l":2}},"ao":0,"hasMask":true,"masksProperties":[{"inv":false,"mode":"a","pt":{"a":0,"k":{"i":[[66.284,0],[0,-64.037],[-66.284,0],[0,64.037]],"o":[[-66.284,0],[0,64.037],[66.284,0],[0,-64.037]],"v":[[1.518,-155.398],[-118.5,-39.449],[1.518,76.5],[121.535,-39.449]],"c":true},"ix":1},"o":{"a":0,"k":100,"ix":3},"x":{"a":0,"k":0,"ix":4},"nm":"Mask 1"}],"shapes":[{"ty":"gr","it":[{"ind":0,"ty":"sh","ix":1,"ks":{"a":1,"k":[{"i":{"x":0,"y":0.93},"o":{"x":0.333,"y":0},"t":0,"s":[{"i":[[0,0],[61.787,41.072],[0,0],[0,0],[0,0]],"o":[[0,0],[-86.5,-57.5],[0,0],[0,0],[0,0]],"v":[[121.5,4.5],[-5.5,-12],[-125.5,-61],[-125.5,78],[121.5,78]],"c":true}]},{"i":{"x":0,"y":1},"o":{"x":0.333,"y":0},"t":22,"s":[{"i":[[0,0],[67.73,-46.766],[0,0],[0,0],[0,0]],"o":[[0,0],[-84,58],[0,0],[0,0],[0,0]],"v":[[121.5,-53.5],[-5,-36],[-125.5,15.5],[-125.5,78],[121.5,78]],"c":true}]},{"t":44,"s":[{"i":[[0,0],[61.787,41.072],[0,0],[0,0],[0,0]],"o":[[0,0],[-86.5,-57.5],[0,0],[0,0],[0,0]],"v":[[121.5,4.5],[-5.5,-12],[-125.5,-61],[-125.5,78],[121.5,78]],"c":true}]}],"ix":2},"nm":"Path 1","mn":"ADBE Vector Shape - Group","hd":false},{"ty":"fl","c":{"a":0,"k":[0,0.803921568627,0.839215686275,1],"ix":4},"o":{"a":0,"k":100,"ix":5},"r":1,"bm":0,"nm":"Fill 1","mn":"ADBE Vector Graphic - Fill","hd":false},{"ty":"tr","p":{"a":0,"k":[0,0],"ix":2},"a":{"a":0,"k":[0,0],"ix":1},"s":{"a":0,"k":[100,100],"ix":3},"r":{"a":0,"k":0,"ix":6},"o":{"a":0,"k":100,"ix":7},"sk":{"a":0,"k":0,"ix":4},"sa":{"a":0,"k":0,"ix":5},"nm":"Transform"}],"nm":"Shape 1","np":3,"cix":2,"bm":0,"ix":1,"mn":"ADBE Vector Group","hd":false}],"ip":0,"op":45,"st":0,"bm":0},{"ddd":0,"ind":3,"ty":4,"nm":"wave2","sr":1,"ks":{"o":{"a":0,"k":100,"ix":11},"r":{"a":0,"k":0,"ix":10},"p":{"a":0,"k":[200,200,0],"ix":2,"l":2},"a":{"a":0,"k":[0,0,0],"ix":1,"l":2},"s":{"a":0,"k":[100,100,100],"ix":6,"l":2}},"ao":0,"hasMask":true,"masksProperties":[{"inv":false,"mode":"a","pt":{"a":0,"k":{"i":[[66.284,0],[0,-64.037],[-66.284,0],[0,64.037]],"o":[[-66.284,0],[0,64.037],[66.284,0],[0,-64.037]],"v":[[1.518,-155.398],[-118.5,-39.449],[1.518,76.5],[121.535,-39.449]],"c":true},"ix":1},"o":{"a":0,"k":100,"ix":3},"x":{"a":0,"k":0,"ix":4},"nm":"Mask 1"}],"shapes":[{"ty":"gr","it":[{"ind":0,"ty":"sh","ix":1,"ks":{"a":1,"k":[{"i":{"x":0.073,"y":1},"o":{"x":0.333,"y":0},"t":0,"s":[{"i":[[0,0],[59.5,-47],[40.332,17.273],[0,0],[0,0],[0,0]],"o":[[0,0],[-31.275,24.705],[-25.044,-10.726],[0,0],[0,0],[0,0]],"v":[[121.5,-34.5],[23,-22.5],[-84.664,14.727],[-125.5,15],[-125.5,78],[121.5,78]],"c":true}]},{"i":{"x":0.833,"y":0.831},"o":{"x":0.218,"y":0.007},"t":21,"s":[{"i":[[0,0],[21,15],[40.009,4.541],[0,0],[0,0],[0,0]],"o":[[0,0],[-40.859,-29.185],[-42.143,-4.783],[0,0],[0,0],[0,0]],"v":[[121.5,-23.5],[105.5,-15],[-53.357,-6.717],[-125.5,-40.5],[-125.5,78],[121.5,78]],"c":true}]},{"i":{"x":0.667,"y":1},"o":{"x":0.143,"y":0.145},"t":28,"s":[{"i":[[0,0],[32.268,-3.147],[42.738,15.731],[0,0],[0,0],[0,0]],"o":[[0,0],[-33.853,4.195],[-35.833,-8.607],[0,0],[0,0],[0,0]],"v":[[121.5,-26.72],[81.353,-17.195],[-62.57,-15.075],[-125.5,-42.695],[-125.5,78],[121.5,78]],"c":true}]},{"t":44,"s":[{"i":[[0,0],[59.5,-47],[40.332,17.273],[0,0],[0,0],[0,0]],"o":[[0,0],[-31.275,24.705],[-25.044,-10.726],[0,0],[0,0],[0,0]],"v":[[121.5,-34.5],[23,-22.5],[-84.664,14.727],[-125.5,15],[-125.5,78],[121.5,78]],"c":true}]}],"ix":2},"nm":"Path 1","mn":"ADBE Vector Shape - Group","hd":false},{"ty":"fl","c":{"a":0,"k":[0.180392156863,0.513725490196,0.541176470588,1],"ix":4},"o":{"a":0,"k":100,"ix":5},"r":1,"bm":0,"nm":"Fill 1","mn":"ADBE Vector Graphic - Fill","hd":false},{"ty":"tr","p":{"a":0,"k":[0,0],"ix":2},"a":{"a":0,"k":[0,0],"ix":1},"s":{"a":0,"k":[100,100],"ix":3},"r":{"a":0,"k":0,"ix":6},"o":{"a":0,"k":100,"ix":7},"sk":{"a":0,"k":0,"ix":4},"sa":{"a":0,"k":0,"ix":5},"nm":"Transform"}],"nm":"Shape 1","np":3,"cix":2,"bm":0,"ix":1,"mn":"ADBE Vector Group","hd":false}],"ip":0,"op":45,"st":0,"bm":0},{"ddd":0,"ind":4,"ty":4,"nm":"textwhite","sr":1,"ks":{"o":{"a":0,"k":100,"ix":11},"r":{"a":0,"k":0,"ix":10},"p":{"a":0,"k":[200.014,359,0],"ix":2,"l":2},"a":{"a":0,"k":[0,0,0],"ix":1,"l":2},"s":{"a":0,"k":[81.269,81.269,100],"ix":6,"l":2}},"ao":0,"shapes":[{"ty":"gr","it":[{"ind":0,"ty":"sh","ix":1,"ks":{"a":0,"k":{"i":[[0,0],[0,0],[0,0],[0,0]],"o":[[0,0],[0,0],[0,0],[0,0]],"v":[[-139.975,-57.75],[-144.487,-57.75],[-144.487,0],[-139.975,0]],"c":true},"ix":2},"nm":"l","mn":"ADBE Vector Shape - Group","hd":false},{"ty":"fl","c":{"a":0,"k":[0,0.803921568627,0.839215686275,1],"ix":4},"o":{"a":0,"k":100,"ix":5},"r":1,"bm":0,"nm":"Fill 1","mn":"ADBE Vector Graphic - Fill","hd":false},{"ty":"tr","p":{"a":0,"k":[0,0],"ix":2},"a":{"a":0,"k":[0,0],"ix":1},"s":{"a":0,"k":[100,100],"ix":3},"r":{"a":0,"k":0,"ix":6},"o":{"a":0,"k":100,"ix":7},"sk":{"a":0,"k":0,"ix":4},"sa":{"a":0,"k":0,"ix":5},"nm":"Transform"}],"nm":"l","np":3,"cix":2,"bm":0,"ix":1,"mn":"ADBE Vector Group","hd":false},{"ty":"gr","it":[{"ind":0,"ty":"sh","ix":1,"ks":{"a":0,"k":{"i":[[0,0],[-3.371,-3.797],[-5.389,0],[-2.758,1.705],[-1.517,3.146],[0,3.935],[0,0],[3.359,3.797],[5.414,0],[2.769,-1.742],[1.516,-3.133],[0,-3.91]],"o":[[0,6.266],[3.371,3.797],[3.534,0],[2.757,-1.704],[1.516,-3.145],[0,0],[0,-6.266],[-3.359,-3.797],[-3.51,0],[-2.77,1.742],[-1.517,3.134],[0,0]],"v":[[-130.237,-20.04],[-125.18,-4.944],[-112.04,0.752],[-102.603,-1.805],[-96.193,-9.08],[-93.918,-19.701],[-93.918,-20.641],[-98.956,-35.737],[-112.115,-41.433],[-121.533,-38.82],[-127.963,-31.507],[-130.237,-20.942]],"c":true},"ix":2},"nm":"o","mn":"ADBE Vector Shape - Group","hd":false},{"ind":1,"ty":"sh","ix":2,"ks":{"a":0,"k":{"i":[[0,0],[-2.532,3.146],[-4.011,0],[-2.081,-1.416],[-1.153,-2.581],[0,-3.108],[0,0],[2.519,-3.121],[4.061,0],[2.519,3.121],[0,4.863]],"o":[[0,-5.088],[2.531,-3.145],[2.682,0],[2.08,1.416],[1.153,2.582],[0,0],[0,5.113],[-2.519,3.121],[-4.086,0],[-2.519,-3.121],[0,0]],"v":[[-125.726,-20.528],[-121.928,-32.879],[-112.115,-37.598],[-104.972,-35.473],[-100.122,-29.477],[-98.392,-20.942],[-98.392,-20.077],[-102.171,-7.726],[-112.04,-3.045],[-121.947,-7.726],[-125.726,-19.701]],"c":true},"ix":2},"nm":"o","mn":"ADBE Vector Shape - Group","hd":false},{"ty":"mm","mm":1,"nm":"Merge Paths 1","mn":"ADBE Vector Filter - Merge","hd":false},{"ty":"fl","c":{"a":0,"k":[0,0.803921568627,0.839215686275,1],"ix":4},"o":{"a":0,"k":100,"ix":5},"r":1,"bm":0,"nm":"Fill 1","mn":"ADBE Vector Graphic - Fill","hd":false},{"ty":"tr","p":{"a":0,"k":[0,0],"ix":2},"a":{"a":0,"k":[0,0],"ix":1},"s":{"a":0,"k":[100,100],"ix":3},"r":{"a":0,"k":0,"ix":6},"o":{"a":0,"k":100,"ix":7},"sk":{"a":0,"k":0,"ix":4},"sa":{"a":0,"k":0,"ix":5},"nm":"Transform"}],"nm":"o","np":5,"cix":2,"bm":0,"ix":2,"mn":"ADBE Vector Group","hd":false},{"ty":"gr","it":[{"ind":0,"ty":"sh","ix":1,"ks":{"a":0,"k":{"i":[[0,0],[0,0],[0,3.935],[0,0],[2.619,2.269],[4.536,0],[3.008,-2.369],[0,-3.233],[0,0],[-2.056,1.604],[-3.134,0],[-1.792,-1.667],[0,-2.907],[0,0],[0,0],[3.296,-2.306],[0,-3.96],[-2.419,-2.181],[-3.91,0],[-2.444,1.115],[-1.579,2.056],[-0.451,-1.278]],"o":[[0,0],[-0.827,-1.955],[0,0],[-0.075,-4.061],[-2.62,-2.268],[-4.387,0],[-3.008,2.369],[0,0],[0,-2.256],[2.055,-1.604],[3.434,0],[1.792,1.667],[0,0],[0,0],[-5.891,0],[-3.296,2.306],[0,3.334],[2.419,2.181],[2.732,0],[2.444,-1.115],[0.125,2.507],[0,0]],"v":[[-54.14,0],[-54.14,-0.451],[-55.38,-9.287],[-55.38,-28.537],[-59.422,-38.03],[-70.156,-41.433],[-81.248,-37.88],[-85.759,-29.477],[-81.248,-29.439],[-78.165,-35.229],[-70.382,-37.635],[-62.543,-35.135],[-59.854,-28.273],[-59.854,-23.649],[-68.013,-23.649],[-81.793,-20.19],[-86.737,-10.791],[-83.109,-2.519],[-73.615,0.752],[-65.851,-0.921],[-59.817,-5.677],[-58.952,0]],"c":true},"ix":2},"nm":"a","mn":"ADBE Vector Shape - Group","hd":false},{"ind":1,"ty":"sh","ix":2,"ks":{"a":0,"k":{"i":[[1.692,1.504],[0,2.281],[-2.532,1.592],[-4.487,0.051],[0,0],[0,0],[2.369,-1.453],[3.008,0]],"o":[[-1.692,-1.504],[0,-2.782],[2.531,-1.591],[0,0],[0,0],[-1.078,2.432],[-2.369,1.454],[-2.707,0]],"v":[[-79.687,-5.489],[-82.225,-11.167],[-78.428,-17.727],[-67.9,-20.19],[-59.854,-20.19],[-59.854,-11.242],[-65.024,-5.414],[-73.089,-3.233]],"c":true},"ix":2},"nm":"a","mn":"ADBE Vector Shape - Group","hd":false},{"ty":"mm","mm":1,"nm":"Merge Paths 1","mn":"ADBE Vector Filter - Merge","hd":false},{"ty":"fl","c":{"a":0,"k":[0,0.803921568627,0.839215686275,1],"ix":4},"o":{"a":0,"k":100,"ix":5},"r":1,"bm":0,"nm":"Fill 1","mn":"ADBE Vector Graphic - Fill","hd":false},{"ty":"tr","p":{"a":0,"k":[0,0],"ix":2},"a":{"a":0,"k":[0,0],"ix":1},"s":{"a":0,"k":[100,100],"ix":3},"r":{"a":0,"k":0,"ix":6},"o":{"a":0,"k":100,"ix":7},"sk":{"a":0,"k":0,"ix":4},"sa":{"a":0,"k":0,"ix":5},"nm":"Transform"}],"nm":"a","np":5,"cix":2,"bm":0,"ix":3,"mn":"ADBE Vector Group","hd":false},{"ty":"gr","it":[{"ind":0,"ty":"sh","ix":1,"ks":{"a":0,"k":{"i":[[0,0],[-2.87,-3.772],[-4.687,0],[-2.883,4.111],[0,0],[0,0],[0,0],[0,0],[0,0],[5.489,0],[2.82,-3.747],[0,-6.316]],"o":[[0,6.417],[2.87,3.773],[5.589,0],[0,0],[0,0],[0,0],[0,0],[0,0],[-2.883,-4.336],[-4.838,0],[-2.82,3.747],[0,0]],"v":[[-45.191,-20.19],[-40.886,-4.906],[-29.551,0.752],[-16.843,-5.414],[-16.655,0],[-12.444,0],[-12.444,-57.75],[-16.918,-57.75],[-16.918,-34.928],[-29.476,-41.433],[-40.962,-35.812],[-45.191,-20.716]],"c":true},"ix":2},"nm":"d","mn":"ADBE Vector Shape - Group","hd":false},{"ind":1,"ty":"sh","ix":2,"ks":{"a":0,"k":{"i":[[-2.105,2.97],[-3.785,0],[-2.331,-5.288],[0,0],[5.539,0],[2.08,2.995],[0,5.188]],"o":[[2.105,-2.97],[5.489,0],[0,0],[-2.331,4.888],[-3.785,0],[-2.081,-2.995],[0,-5.79]],"v":[[-37.484,-33.067],[-28.648,-37.522],[-16.918,-29.589],[-16.918,-10.49],[-28.724,-3.158],[-37.521,-7.651],[-40.642,-19.927]],"c":true},"ix":2},"nm":"d","mn":"ADBE Vector Shape - Group","hd":false},{"ty":"mm","mm":1,"nm":"Merge Paths 1","mn":"ADBE Vector Filter - Merge","hd":false},{"ty":"fl","c":{"a":0,"k":[0,0.803921568627,0.839215686275,1],"ix":4},"o":{"a":0,"k":100,"ix":5},"r":1,"bm":0,"nm":"Fill 1","mn":"ADBE Vector Graphic - Fill","hd":false},{"ty":"tr","p":{"a":0,"k":[0,0],"ix":2},"a":{"a":0,"k":[0,0],"ix":1},"s":{"a":0,"k":[100,100],"ix":3},"r":{"a":0,"k":0,"ix":6},"o":{"a":0,"k":100,"ix":7},"sk":{"a":0,"k":0,"ix":4},"sa":{"a":0,"k":0,"ix":5},"nm":"Transform"}],"nm":"d","np":5,"cix":2,"bm":0,"ix":4,"mn":"ADBE Vector Group","hd":false},{"ty":"gr","it":[{"ind":0,"ty":"sh","ix":1,"ks":{"a":0,"k":{"i":[[0,0],[0,0],[0,0],[0,0]],"o":[[0,0],[0,0],[0,0],[0,0]],"v":[[4.438,-40.681],[-0.074,-40.681],[-0.074,0],[4.438,0]],"c":true},"ix":2},"nm":"i","mn":"ADBE Vector Shape - Group","hd":false},{"ind":1,"ty":"sh","ix":2,"ks":{"a":0,"k":{"i":[[-0.552,-0.573],[-0.953,0],[-0.564,0.573],[0,0.847],[0.564,0.585],[0.952,0],[0.551,-0.585],[0,-0.847]],"o":[[0.551,0.573],[0.952,0],[0.564,-0.573],[0,-0.847],[-0.564,-0.585],[-0.953,0],[-0.552,0.585],[0,0.847]],"v":[[-0.037,-50.3],[2.219,-49.441],[4.494,-50.3],[5.34,-52.43],[4.494,-54.578],[2.219,-55.457],[-0.037,-54.578],[-0.864,-52.43]],"c":true},"ix":2},"nm":"i","mn":"ADBE Vector Shape - Group","hd":false},{"ty":"mm","mm":1,"nm":"Merge Paths 1","mn":"ADBE Vector Filter - Merge","hd":false},{"ty":"fl","c":{"a":0,"k":[0,0.803921568627,0.839215686275,1],"ix":4},"o":{"a":0,"k":100,"ix":5},"r":1,"bm":0,"nm":"Fill 1","mn":"ADBE Vector Graphic - Fill","hd":false},{"ty":"tr","p":{"a":0,"k":[0,0],"ix":2},"a":{"a":0,"k":[0,0],"ix":1},"s":{"a":0,"k":[100,100],"ix":3},"r":{"a":0,"k":0,"ix":6},"o":{"a":0,"k":100,"ix":7},"sk":{"a":0,"k":0,"ix":4},"sa":{"a":0,"k":0,"ix":5},"nm":"Transform"}],"nm":"i","np":5,"cix":2,"bm":0,"ix":5,"mn":"ADBE Vector Group","hd":false},{"ty":"gr","it":[{"ind":0,"ty":"sh","ix":1,"ks":{"a":0,"k":{"i":[[0,0],[0,0],[0,0],[0,0],[-2.143,1.742],[-2.782,0],[-1.517,-1.779],[-0.025,-3.634],[0,0],[0,0],[0,0],[2.13,2.457],[4.361,0],[2.281,-1.316],[1.529,-2.506],[0,0]],"o":[[0,0],[0,0],[0,0],[1.027,-2.957],[2.143,-1.742],[3.333,0],[1.516,1.78],[0,0],[0,0],[0,0],[-0.025,-4.912],[-2.131,-2.456],[-2.758,0],[-2.281,1.316],[0,0],[0,0]],"v":[[16.657,-40.681],[16.657,0],[21.131,0],[21.131,-27.86],[25.887,-34.909],[33.275,-37.522],[40.55,-34.853],[42.862,-26.732],[42.862,0],[47.336,0],[47.336,-26.694],[44.103,-37.748],[34.365,-41.433],[26.808,-39.459],[21.093,-33.725],[20.943,-40.681]],"c":true},"ix":2},"nm":"n","mn":"ADBE Vector Shape - Group","hd":false},{"ty":"fl","c":{"a":0,"k":[0,0.803921568627,0.839215686275,1],"ix":4},"o":{"a":0,"k":100,"ix":5},"r":1,"bm":0,"nm":"Fill 1","mn":"ADBE Vector Graphic - Fill","hd":false},{"ty":"tr","p":{"a":0,"k":[0,0],"ix":2},"a":{"a":0,"k":[0,0],"ix":1},"s":{"a":0,"k":[100,100],"ix":3},"r":{"a":0,"k":0,"ix":6},"o":{"a":0,"k":100,"ix":7},"sk":{"a":0,"k":0,"ix":4},"sa":{"a":0,"k":0,"ix":5},"nm":"Transform"}],"nm":"n","np":3,"cix":2,"bm":0,"ix":6,"mn":"ADBE Vector Group","hd":false},{"ty":"gr","it":[{"ind":0,"ty":"sh","ix":1,"ks":{"a":0,"k":{"i":[[0,0],[-2.857,-3.76],[-4.713,0],[-2.883,4.011],[0,0],[2.105,-2.218],[3.76,0],[3.183,3.91],[0,0],[-2.57,-1.266],[-2.833,0],[-2.933,3.058],[0,5.238],[0,0],[0,0],[0,0],[5.539,0],[2.82,-3.722],[0,-6.366]],"o":[[0,6.392],[2.857,3.76],[5.514,0],[0,0],[-0.075,3.935],[-2.105,2.218],[-4.387,0],[0,0],[1.479,2.105],[2.569,1.265],[5.013,0],[2.933,-3.058],[0,0],[0,0],[0,0],[-2.883,-4.411],[-4.838,0],[-2.82,3.722],[0,0]],"v":[[57.149,-20.115],[61.436,-4.888],[72.79,0.752],[85.385,-5.264],[85.385,-0.15],[82.114,9.08],[73.316,12.407],[61.962,6.542],[59.443,9.249],[65.515,14.306],[73.617,16.205],[85.536,11.618],[89.935,-0.827],[89.935,-40.681],[85.724,-40.681],[85.498,-34.815],[72.865,-41.433],[61.379,-35.849],[57.149,-20.716]],"c":true},"ix":2},"nm":"g","mn":"ADBE Vector Shape - Group","hd":false},{"ind":1,"ty":"sh","ix":2,"ks":{"a":0,"k":{"i":[[-2.105,2.97],[-3.785,0],[-1.98,-1.366],[-1.053,-2.607],[0,0],[5.539,0],[2.08,2.995],[0,5.188]],"o":[[2.105,-2.97],[2.782,0],[1.98,1.366],[0,0],[-2.306,4.963],[-3.785,0],[-2.081,-2.995],[0,-5.79]],"v":[[64.857,-33.067],[73.692,-37.522],[80.836,-35.473],[85.385,-29.514],[85.385,-10.603],[73.617,-3.158],[64.819,-7.651],[61.699,-19.927]],"c":true},"ix":2},"nm":"g","mn":"ADBE Vector Shape - Group","hd":false},{"ty":"mm","mm":1,"nm":"Merge Paths 1","mn":"ADBE Vector Filter - Merge","hd":false},{"ty":"fl","c":{"a":0,"k":[0,0.803921568627,0.839215686275,1],"ix":4},"o":{"a":0,"k":100,"ix":5},"r":1,"bm":0,"nm":"Fill 1","mn":"ADBE Vector Graphic - Fill","hd":false},{"ty":"tr","p":{"a":0,"k":[0,0],"ix":2},"a":{"a":0,"k":[0,0],"ix":1},"s":{"a":0,"k":[100,100],"ix":3},"r":{"a":0,"k":0,"ix":6},"o":{"a":0,"k":100,"ix":7},"sk":{"a":0,"k":0,"ix":4},"sa":{"a":0,"k":0,"ix":5},"nm":"Transform"}],"nm":"g","np":5,"cix":2,"bm":0,"ix":7,"mn":"ADBE Vector Group","hd":false},{"ty":"gr","it":[{"ind":0,"ty":"sh","ix":1,"ks":{"a":0,"k":{"i":[[-0.564,-0.564],[-1.003,0],[-0.577,0.564],[0,0.878],[0.576,0.614],[1.002,0],[0.564,-0.614],[0,-0.877]],"o":[[0.564,0.564],[1.002,0],[0.576,-0.564],[0,-0.877],[-0.577,-0.614],[-1.003,0],[-0.564,0.614],[0,0.878]],"v":[[102.097,-0.545],[104.447,0.301],[106.816,-0.545],[107.681,-2.707],[106.816,-4.944],[104.447,-5.865],[102.097,-4.944],[101.251,-2.707]],"c":true},"ix":2},"nm":".","mn":"ADBE Vector Shape - Group","hd":false},{"ty":"fl","c":{"a":0,"k":[0,0.803921568627,0.839215686275,1],"ix":4},"o":{"a":0,"k":100,"ix":5},"r":1,"bm":0,"nm":"Fill 1","mn":"ADBE Vector Graphic - Fill","hd":false},{"ty":"tr","p":{"a":1,"k":[{"i":{"x":0.833,"y":0.833},"o":{"x":0.167,"y":0.167},"t":0,"s":[0,-16],"to":[0,6.167],"ti":[0,0]},{"i":{"x":0.833,"y":0.833},"o":{"x":0.167,"y":0.167},"t":5,"s":[0,21],"to":[0,0],"ti":[0,0]},{"i":{"x":0.833,"y":0.833},"o":{"x":0.167,"y":0.167},"t":8,"s":[0,0],"to":[0,0],"ti":[0,0]},{"t":45,"s":[0,0]}],"ix":2,"x":"var $bm_rt;\n$bm_rt = loopOut();"},"a":{"a":0,"k":[0,0],"ix":1},"s":{"a":0,"k":[100,100],"ix":3},"r":{"a":0,"k":0,"ix":6},"o":{"a":1,"k":[{"i":{"x":[0.833],"y":[0.833]},"o":{"x":[0.167],"y":[0.167]},"t":0,"s":[0]},{"i":{"x":[0.833],"y":[0.833]},"o":{"x":[0.167],"y":[0.167]},"t":5,"s":[100]},{"t":45,"s":[100]}],"ix":7,"x":"var $bm_rt;\n$bm_rt = loopOut();"},"sk":{"a":0,"k":0,"ix":4},"sa":{"a":0,"k":0,"ix":5},"nm":"Transform"}],"nm":". 2","np":3,"cix":2,"bm":0,"ix":8,"mn":"ADBE Vector Group","hd":false},{"ty":"gr","it":[{"ind":0,"ty":"sh","ix":1,"ks":{"a":0,"k":{"i":[[-0.564,-0.564],[-1.003,0],[-0.577,0.564],[0,0.878],[0.576,0.614],[1.002,0],[0.564,-0.614],[0,-0.877]],"o":[[0.564,0.564],[1.002,0],[0.576,-0.564],[0,-0.877],[-0.577,-0.614],[-1.003,0],[-0.564,0.614],[0,0.878]],"v":[[120.483,-0.545],[122.833,0.301],[125.201,-0.545],[126.066,-2.707],[125.201,-4.944],[122.833,-5.865],[120.483,-4.944],[119.637,-2.707]],"c":true},"ix":2},"nm":".","mn":"ADBE Vector Shape - Group","hd":false},{"ty":"fl","c":{"a":0,"k":[0,0.803921568627,0.839215686275,1],"ix":4},"o":{"a":0,"k":100,"ix":5},"r":1,"bm":0,"nm":"Fill 1","mn":"ADBE Vector Graphic - Fill","hd":false},{"ty":"tr","p":{"a":1,"k":[{"i":{"x":0.833,"y":0.833},"o":{"x":0.167,"y":0.167},"t":0,"s":[0,0],"to":[0,-2.667],"ti":[0,-2.667]},{"i":{"x":0.833,"y":0.833},"o":{"x":0.167,"y":0.167},"t":10,"s":[0,-16],"to":[0,0.973],"ti":[0,-2.325]},{"i":{"x":0.833,"y":0.833},"o":{"x":0.167,"y":0.167},"t":15,"s":[0,21],"to":[0,0.598],"ti":[0,0]},{"i":{"x":0.833,"y":0.833},"o":{"x":0.167,"y":0.167},"t":18,"s":[0,0],"to":[0,0],"ti":[0,0]},{"t":45,"s":[0,0]}],"ix":2,"x":"var $bm_rt;\n$bm_rt = loopOut();"},"a":{"a":0,"k":[0,0],"ix":1},"s":{"a":0,"k":[100,100],"ix":3},"r":{"a":0,"k":0,"ix":6},"o":{"a":1,"k":[{"i":{"x":[0.833],"y":[0.833]},"o":{"x":[0.167],"y":[0.167]},"t":0,"s":[0]},{"i":{"x":[0.833],"y":[0.833]},"o":{"x":[0.167],"y":[0.167]},"t":10,"s":[0]},{"i":{"x":[0.833],"y":[0.833]},"o":{"x":[0.167],"y":[0.167]},"t":15,"s":[100]},{"t":45,"s":[100]}],"ix":7,"x":"var $bm_rt;\n$bm_rt = loopOut();"},"sk":{"a":0,"k":0,"ix":4},"sa":{"a":0,"k":0,"ix":5},"nm":"Transform"}],"nm":". 3","np":3,"cix":2,"bm":0,"ix":9,"mn":"ADBE Vector Group","hd":false},{"ty":"gr","it":[{"ind":0,"ty":"sh","ix":1,"ks":{"a":0,"k":{"i":[[-0.564,-0.564],[-1.003,0],[-0.577,0.564],[0,0.878],[0.576,0.614],[1.002,0],[0.564,-0.614],[0,-0.877]],"o":[[0.564,0.564],[1.002,0],[0.576,-0.564],[0,-0.877],[-0.577,-0.614],[-1.003,0],[-0.564,0.614],[0,0.878]],"v":[[138.868,-0.545],[141.218,0.301],[143.586,-0.545],[144.451,-2.707],[143.586,-4.944],[141.218,-5.865],[138.868,-4.944],[138.022,-2.707]],"c":true},"ix":2},"nm":".","mn":"ADBE Vector Shape - Group","hd":false},{"ty":"fl","c":{"a":0,"k":[0,0.803921568627,0.839215686275,1],"ix":4},"o":{"a":0,"k":100,"ix":5},"r":1,"bm":0,"nm":"Fill 1","mn":"ADBE Vector Graphic - Fill","hd":false},{"ty":"tr","p":{"a":1,"k":[{"i":{"x":0.833,"y":0.833},"o":{"x":0.167,"y":0.167},"t":20,"s":[0,-16],"to":[0,6.167],"ti":[0,-2.667]},{"i":{"x":0.833,"y":0.833},"o":{"x":0.167,"y":0.167},"t":25,"s":[0,21],"to":[0,2.667],"ti":[0,3.5]},{"i":{"x":0.833,"y":0.833},"o":{"x":0.167,"y":0.167},"t":28,"s":[0,0],"to":[0,0],"ti":[0,0]},{"t":45,"s":[0,0]}],"ix":2,"x":"var $bm_rt;\n$bm_rt = loopOut();"},"a":{"a":0,"k":[0,0],"ix":1},"s":{"a":0,"k":[100,100],"ix":3},"r":{"a":0,"k":0,"ix":6},"o":{"a":1,"k":[{"i":{"x":[0.833],"y":[0.833]},"o":{"x":[0.167],"y":[0.167]},"t":0,"s":[0]},{"i":{"x":[0.833],"y":[0.833]},"o":{"x":[0.167],"y":[0.167]},"t":20,"s":[0]},{"i":{"x":[0.833],"y":[0.833]},"o":{"x":[0.167],"y":[0.167]},"t":25,"s":[100]},{"t":45,"s":[100]}],"ix":7,"x":"var $bm_rt;\n$bm_rt = loopOut();"},"sk":{"a":0,"k":0,"ix":4},"sa":{"a":0,"k":0,"ix":5},"nm":"Transform"}],"nm":".","np":3,"cix":2,"bm":0,"ix":10,"mn":"ADBE Vector Group","hd":false}],"ip":0,"op":45,"st":0,"bm":0}],"markers":[]}